"Los Angeles, California",121
"Cook, Illinois",97
"New York, New York",58
"Middlesex, Massachusetts",57
"District of Columbia, District of Columbia",57
"Worcester, Massachusetts",55
"Philadelphia, Pennsylvania",49
"Hennepin, Minnesota",46
"San Diego, California",44
"Honolulu, Hawaii",43
"King, Washington",42
"Bronx, New York",40
"Dane, Wisconsin",38
"Santa Clara, California",37
"Maricopa, Arizona",36
"Kings, New York",35
"Alameda, California",34
"Hartford, Connecticut",33
"Westchester, New York",31
"Miami-Dade, Florida",31
"Monroe, New York",29
"Fairfield, Connecticut",29
"Multnomah, Oregon",29
"Cuyahoga, Ohio",29
"Wayne, Michigan",28
"Suffolk, Massachusetts",27
"Contra Costa, California",26
"San Francisco, California",26
"Essex, Massachusetts",25
"Orange, California",25
"New Haven, Connecticut",25
"Franklin, Ohio",25
"Oakland, Michigan",25
"Allegheny, Pennsylvania",24
"Hawaii, Hawaii",24
"Suffolk, New York",24
"Bristol, Massachusetts",23
"Sacramento, California",23
"Milwaukee, Wisconsin",23
"Sonoma, California",23
"Fairfax, Virginia",22
"Pima, Arizona",22
"San Bernardino, California",21
"Placer, California",20
"Prince George's, Maryland",20
"Norfolk, Massachusetts",20
"Baltimore City, Maryland",20
"Pierce, Washington",19
"Hampden, Massachusetts",19
"Erie, New York",19
"Berkshire, Massachusetts",19
"Montgomery, Maryland",19
"San Mateo, California",19
"Bexar, Texas",19
"Richland, South Carolina",19
"Nassau, New York",18
"Queens, New York",18
"New London, Connecticut",18
"Kent, Michigan",18
"DuPage, Illinois",18
"St. Louis, Missouri",18
"Jackson, Missouri",17
"Buncombe, North Carolina",17
"Providence, Rhode Island",17
"Jefferson, Kentucky",17
"Barnstable, Massachusetts",17
"Riverside, California",17
"Baltimore, Maryland",17
"Hillsborough, New Hampshire",16
"Marion, Indiana",16
"San Luis Obispo, California",16
"Cumberland, Maine",16
"Jefferson, New York",16
"Summit, Ohio",16
"Washtenaw, Michigan",16
"Rockingham, New Hampshire",16
"Frederick, Maryland",15
"Clackamas, Oregon",15
"Sussex, Delaware",15
"Orange, New York",15
"Lee, Florida",15
"Jefferson, Alabama",15
"Dutchess, New York",15
"St. Lawrence, New York",15
"Chittenden, Vermont",15
"New Castle, Delaware",15
"Plymouth, Massachusetts",15
"Fulton, Georgia",15
"Wake, North Carolina",14
"Polk, Iowa",14
"Kauai, Hawaii",14
"Litchfield, Connecticut",14
"Oneida, New York",14
"Lancaster, Pennsylvania",14
"El Paso, Colorado",14
"Humboldt, California",14
"Ulster, New York",14
"San Joaquin, California",14
"Denver, Colorado",14
"Onondaga, New York",14
"Chester, Pennsylvania",13
"Washington, Oregon",13
"Lake, Illinois",13
"Albany, New York",13
"Davidson, Tennessee",13
"Kern, California",13
"Marin, California",13
"Middlesex, Connecticut",13
"Fresno, California",13
"Hamilton, Ohio",13
"Merrimack, New Hampshire",13
"Shasta, California",13
"Pinellas, Florida",12
"Lane, Oregon",12
"Waukesha, Wisconsin",12
"Ingham, Michigan",12
"Monterey, California",12
"Montgomery, Pennsylvania",12
"El Paso, Texas",12
"Windsor, Vermont",12
"Mecklenburg, North Carolina",12
"Shelby, Tennessee",12
"Tarrant, Texas",12
"Bucks, Pennsylvania",11
"Williamson, Texas",11
"Snohomish, Washington",11
"Essex, New Jersey",11
"Spokane, Washington",11
"Stark, Ohio",11
"Mercer, New Jersey",11
"Bergen, New Jersey",11
"Travis, Texas",11
"Broward, Florida",11
"Ventura, California",11
"Essex, New York",11
"Franklin, Massachusetts",11
"Camden, New Jersey",11
"Ocean, New Jersey",10
"Orleans, Louisiana",10
"Westmoreland, Pennsylvania",10
"Morris, New Jersey",10
"Greene, Ohio",10
"Stanislaus, California",10
"Kalamazoo, Michigan",10
"Pulaski, Arkansas",10
"Boone, Missouri",10
"El Dorado, California",10
"Marion, Oregon",10
"DeKalb, Georgia",10
"Hancock, Maine",10
"Tolland, Connecticut",10
"York, Maine",10
"Orange, Florida",10
"Arlington, Virginia",10
"Salt Lake, Utah",10
"Saratoga, New York",10
"Nevada, California",10
"Palm Beach, Florida",10
"Clark, Nevada",10
"Windham, Vermont",10
"Charleston, South Carolina",10
"Rensselaer, New York",9
"Loudoun, Virginia",9
"St. Louis, Minnesota",9
"Will, Illinois",9
"Jefferson, Colorado",9
"Broome, New York",9
"York, Pennsylvania",9
"Weld, Colorado",9
"Monmouth, New Jersey",9
"Hampshire, Massachusetts",9
"Anne Arundel, Maryland",9
"Montgomery, Ohio",9
"Duval, Florida",9
"Santa Barbara, California",9
"Jackson, Oregon",9
"Delaware, New York",9
"Larimer, Colorado",9
"Jackson, Illinois",9
"Tulare, California",9
"Ramsey, Minnesota",9
"Collier, Florida",9
"Douglas, Nebraska",9
"Yavapai, Arizona",8
"Rockland, New York",8
"Macomb, Michigan",8
"Washington, New York",8
"Centre County, Pennsylvania",8
"Horry, South Carolina",8
"Leon, Florida",8
"Richmond City, Virginia",8
"Kitsap, Washington",8
"Chautauqua, New York",8
"Sullivan, New York",8
"Grafton, New Hampshire",8
"Washoe, Nevada",8
"Knox, Tennessee",8
"Ottawa, Michigan",8
"Mendocino, California",8
"Oklahoma, Oklahoma",8
"Brown, Wisconsin",8
"Greene, Missouri",8
"Harris, Texas",8
"Kane, Illinois",8
"Beaufort, South Carolina",8
"Niagara, New York",8
"Rutland, Vermont",8
"Caledonia, Vermont",8
"Allen, Indiana",8
"Hillsborough, Florida",8
"Alachua, Florida",8
"Johnson, Kansas",8
"Maui, Hawaii",8
"Kenosha, Wisconsin",8
"Columbia, New York",8
"Herkimer, New York",8
"Sedgwick, Kansas",8
"Bernalillo, New Mexico",8
"Dallas, Texas",8
"Madison, New York",8
"Hudson, New Jersey",8
"Washington, Vermont",8
"Columbia, Wisconsin",8
"Washington, Rhode Island",8
"Anchorage, Alaska",8
"Linn, Iowa",8
"Franklin, Missouri",8
"Tulsa, Oklahoma",8
"Belknap, New Hampshire",8
"Livingston, New York",7
"Licking, Ohio",7
"Utah, Utah",7
"Lehigh, Pennsylvania",7
"Pike, Ohio",7
"Lexington, South Carolina",7
"Rock, Wisconsin",7
"Ogle, Illinois",7
"Walton, Florida",7
"Stearns, Minnesota",7
"Waldo, Maine",7
"Shiawassee, Michigan",7
"Greenville, South Carolina",7
"Sandoval, New Mexico",7
"Montgomery, New York",7
"Lafayette, Missouri",7
"Steuben, New York",7
"Hamilton, Tennessee",7
"Winnebago, Illinois",7
"Saginaw, Michigan",7
"Harrison, Mississippi",7
"Strafford, New Hampshire",7
"Gallatin, Montana",7
"Kennebec, Maine",7
"Shelby, Alabama",7
"Calhoun, Michigan",7
"Santa Cruz, California",7
"Oxford, Maine",7
"Wayne, New York",7
"Otsego, New York",7
"Lake, California",7
"Marathon, Wisconsin",7
"Madison, Alabama",7
"Gwinnett, Georgia",7
"Benton, Arkansas",7
"Lake, Indiana",7
"Dakota, Minnesota",7
"Matanuska-Susitna, Alaska",7
"Outagamie, Wisconsin",7
"Ontario, New York",7
"Siskiyou, California",7
"Clark, Wisconsin",7
"Orleans, Vermont",7
"Leelanau, Michigan",7
"Penobscot, Maine",7
"Middlesex, New Jersey",6
"Genesee, Michigan",6
"Ada, Idaho",6
"Clay, Missouri",6
"Polk, Wisconsin",6
"Windham, Connecticut",6
"Douglas, Wisconsin",6
"East Baton Rouge, Louisiana",6
"Catawba, North Carolina",6
"Lawrence, Missouri",6
"Prince William, Virginia",6
"Warren, New York",6
"Richland, Ohio",6
"Anoka, Minnesota",6
"Carroll, New Hampshire",6
"Forsyth, North Carolina",6
"McHenry, Illinois",6
"Van Buren, Michigan",6
"Lancaster, Nebraska",6
"Howard, Maryland",6
"Lake, Ohio",6
"Sarasota, Florida",6
"Brevard, Florida",6
"Passaic, New Jersey",6
"Christian, Missouri",6
"Miami, Ohio",6
"La Salle, Illinois",6
"Yolo, California",6
"Black Hawk, Iowa",6
"Medina, Ohio",6
"Napa, California",6
"Missoula, Montana",6
"Cumberland, Pennsylvania",6
"Durham, North Carolina",6
"Racine, Wisconsin",6
"Douglas, Oregon",6
"Cayuga, New York",6
"Tompkins, New York",6
"Chesterfield, Virginia",6
"Clayton, Iowa",6
"Berks, Pennsylvania",6
"Jo Daviess, Illinois",6
"Eagle, Colorado",6
"Menominee, Michigan",6
"Carroll, Maryland",6
"Kankakee, Illinois",6
"Lincoln, Oregon",6
"Wayne, Ohio",6
"Winnebago, Wisconsin",6
"Wood, Wisconsin",6
"Pitt, North Carolina",6
"Cobb, Georgia",6
"Douglas, Kansas",6
"Union, New Jersey",6
"Cattaraugus, New York",6
"Walworth, Wisconsin",6
"Berrien, Michigan",6
"Fremont, Wyoming",6
"Franklin, New York",6
"Oswego, New York",6
"Champaign, Illinois",6
"Shawnee, Kansas",6
"Thurston, Washington",6
"Livingston, Michigan",6
"Jefferson, Wisconsin",5
"Clark, Washington",5
"Lafayette, Louisiana",5
"Atlantic, New Jersey",5
"St. Louis City, Missouri",5
"Lubbock, Texas",5
"Washington, Arkansas",5
"Burleigh, North Dakota",5
"Clarke, Georgia",5
"Hendricks, Indiana",5
"Forrest, Mississippi",5
"Hunterdon, New Jersey",5
"Washington, Maine",5
"Dona Ana, New Mexico",5
"Cape May, New Jersey",5
"Boulder, Colorado",5
"St. Joseph, Indiana",5
"Lake, Florida",5
"Franklin, Maine",5
"Howard, Iowa",5
"Androscoggin, Maine",5
"Delaware, Pennsylvania",5
"Holmes, Ohio",5
"Grand Traverse, Michigan",5
"Clinton, New York",5
"Fayette, Kentucky",5
"Cole, Missouri",5
"Flathead, Montana",5
"Otero, New Mexico",5
"Northampton, Pennsylvania",5
"Hamilton, Indiana",5
"Campbell, Kentucky",5
"Minnehaha, South Dakota",5
"St. Croix, Wisconsin",5
"Antrim, Michigan",5
"Somerset, New Jersey",5
"Burlington, New Jersey",5
"Anderson, South Carolina",5
"Iredell, North Carolina",5
"Sauk, Wisconsin",5
"Johnson, Iowa",5
"Cheshire, New Hampshire",5
"Dodge, Wisconsin",5
"Lamoille, Vermont",5
"Benton, Iowa",5
"Amador, California",5
"Kenai Peninsula, Alaska",5
"Butte, California",5
"Cass, Missouri",5
"Seneca, New York",5
"Muskegon, Michigan",5
"Alexandria, Virginia",5
"Addison, Vermont",5
"Orange, North Carolina",5
"Faulkner, Arkansas",5
"Barron, Wisconsin",5
"Montcalm, Michigan",5
"Merced, California",5
"Santa Fe, New Mexico",5
"Albemarle, Virginia",5
"St. Charles, Missouri",5
"Bay, Florida",5
"Howell, Missouri",5
"Skagit, Washington",5
"Benzie, Michigan",5
"Washington, Wisconsin",5
"Washington, Tennessee",5
"Ashtabula, Ohio",5
"Polk, Florida",5
"Washington, Maryland",5
"Madera, California",5
"Jefferson, Missouri",5
"Scott, Iowa",5
"La Crosse, Wisconsin",5
"Fayette, Pennsylvania",5
"Eaton, Michigan",5
"Elkhart, Indiana",5
"Adams, Colorado",5
"Wyandotte, Kansas",5
"Butler, Ohio",5
"Cameron, Texas",5
"Cape Girardeau, Missouri",5
"Luzerne, Pennsylvania",4
"Monroe, Michigan",4
"Delaware, Ohio",4
"McLean, Illinois",4
"Guilford, North Carolina",4
"Alcona, Michigan",4
"Brown, Ohio",4
"LOS ANGELES, California",4
"Barren, Kentucky",4
"Jefferson, West Virginia",4
"Canyon, Idaho",4
"Hall, Georgia",4
"Lawrence, Pennsylvania",4
"Chemung, New York",4
"Chatham, Georgia",4
"LaPorte, Indiana",4
"Chatham, North Carolina",4
"Phelps, Missouri",4
"Tillamook, Oregon",4
"Baldwin, Alabama",4
"Houghton, Michigan",4
"Allegany, Maryland",4
"Tippecanoe, Indiana",4
"Lackawanna, Pennsylvania",4
"Hidalgo, Texas",4
"Umatilla, Oregon",4
"Johnson, Missouri",4
"Lorain, Ohio",4
"Charles, Maryland",4
"Island, Washington",4
"Sanders, Montana",4
"Schuyler, New York",4
"Monroe, Indiana",4
"Franklin, Vermont",4
"Spotsylvania, Virginia",4
"Crawford, Pennsylvania",4
"Calvert, Maryland",4
"Allegany, New York",4
"Mahoning, Ohio",4
"Dauphin, Pennsylvania",4
"Payne, Oklahoma",4
"Hardin, Iowa",4
"Stephenson, Illinois",4
"Williamson, Illinois",4
"Emmet, Michigan",4
"Virginia Beach, Virginia",4
"Williams, North Dakota",4
"Blair, Pennsylvania",4
"Harrison, West Virginia",4
"Burnett, Wisconsin",4
"Belmont, Ohio",4
"Lucas, Ohio",4
"Surry, North Carolina",4
"Cass, Iowa",4
"Portage, Ohio",4
"Highland, Ohio",4
"Berkeley, South Carolina",4
"Schoharie, New York",4
"Denton, Texas",4
"Grant, Wisconsin",4
"Dawson, Nebraska",4
"Cortland, New York",4
"Cambria, Pennsylvania",4
"Warren, Kentucky",4
"Wise, Virginia",4
"Whiteside, Illinois",4
"Gaston, North Carolina",4
"St. Tammany, Louisiana",4
"Bartholomew, Indiana",4
"Ward, North Dakota",4
"San Mateo County, California",4
"Dubuque, Iowa",4
"Volusia, Florida",4
"Tazewell, Virginia",4
"Ravalli, Montana",4
"Orangeburg, South Carolina",4
"Rowan, North Carolina",4
"Galveston, Texas",4
"Barbour, Alabama",4
"Stevens, Washington",4
"Washington, Minnesota",4
"Collin, Texas",4
"Greene, New York",4
"Pulaski, Missouri",4
"Hinds, Mississippi",4
"Garfield, Colorado",4
"Williamson, Tennessee",4
"Latah, Idaho",4
"Camden, Missouri",4
"Buffalo, Nebraska",4
"Butler, Missouri",4
"St. Mary's, Maryland",4
"Albany County, New York",4
"Warren, Missouri",4
"Centre, Pennsylvania",4
"Marshall, Iowa",4
"Coles, Illinois",4
"Haywood, North Carolina",4
"Olmsted, Minnesota",4
"Linn, Oregon",4
"Manitowoc, Wisconsin",4
"Wasco, Oregon",4
"Chenango, New York",4
"Rockingham, North Carolina",4
"Bonner, Idaho",4
"Mobile, Alabama",4
"Chisago, Minnesota",4
"Warren, New Jersey",4
"Platte, Missouri",4
"Fond du Lac, Wisconsin",4
"Lawrence, South Dakota",4
"Guadalupe, Texas",4
"Grant, Indiana",4
"Lee, Iowa",4
"Cabarrus, North Carolina",4
"New Hanover, North Carolina",4
"York, South Carolina",4
"Madison, Montana",4
"Stafford, Virginia",4
"Taney, Missouri",4
"Nueces, Texas",4
"Greenbrier, West Virginia",4
"Bedford, Virginia",4
"Somerset, Maine",4
"Johnson, Tennessee",4
"Perry, Ohio",4
"Crawford, Wisconsin",4
"Warren, Ohio",4
"Henderson, North Carolina",4
"Worcester, Maryland",4
"Knox, Maine",4
"Story, Iowa",4
"Fairbanks North Star, Alaska",4
"Lycoming, Pennsylvania",4
"Lapeer, Michigan",4
"Erie, Pennsylvania",4
"Muskingum, Ohio",4
"Pasco, Florida",4
"Okaloosa, Florida",4
"Bayfield, Wisconsin",4
"Allegan, Michigan",4
"Schenectady, New York",4
"St. Johns, Florida",4
"Montgomery, Virginia",4
"Clatsop, Oregon",4
"Benton, Washington",4
"Laramie, Wyoming",3
"McHenry, North Dakota",3
"Knox, Ohio",3
"Ashland, Ohio",3
"Madison, Mississippi",3
"Fayette, Iowa",3
"Pickens, South Carolina",3
"Newport News, Virginia",3
"Price, Wisconsin",3
"Oklahoma County, Oklahoma",3
"Winnebago, Iowa",3
"Charlotte, Florida",3
"Allen County, Ohio",3
"Gratiot, Michigan",3
"Jackson, Michigan",3
"Escambia, Alabama",3
"Yakima, Washington",3
"Bibb, Georgia",3
"Pacific, Washington",3
"Douglas, Colorado",3
"Shenandoah, Virginia",3
"St. Lucie, Florida",3
"Rockbridge, Virginia",3
"Platte, Wyoming",3
"Des Moines, Iowa",3
"Logan, Arkansas",3
"Escambia, Florida",3
"DeSoto, Mississippi",3
"Wichita, Texas",3
"Etowah, Alabama",3
"Sussex, New Jersey",3
"Lincoln, North Carolina",3
"Grant, Kentucky",3
"Aroostook, Maine",3
"Yellowstone, Montana",3
"Grand Isle, Vermont",3
"Riverside County, California",3
"Wyoming, New York",3
"Navajo, Arizona",3
"Jackson, North Carolina",3
"Huerfano, Colorado",3
"Granville, North Carolina",3
"Burke, North Carolina",3
"Montgomery, Alabama",3
"Fauquier, Virginia",3
"Rockingham, Virginia",3
"Sumter, South Carolina",3
"Genesee, New York",3
"Pembina, North Dakota",3
"Stutsman, North Dakota",3
"Madison, North Carolina",3
"Antelope, Nebraska",3
"Rice, Minnesota",3
"Cowlitz, Washington",3
"Tucker, West Virginia",3
"KERN, California",3
"Onslow, North Carolina",3
"Cedar, Iowa",3
"Tuscaloosa, Alabama",3
"Callaway, Missouri",3
"Hardin, Kentucky",3
"Beaver, Pennsylvania",3
"Osceola, Michigan",3
"Porter, Indiana",3
"Pocahontas, West Virginia",3
"Pocahontas, Iowa",3
"Mercer, Pennsylvania",3
"Madison, Indiana",3
"Churchill, Nevada",3
"Defiance, Ohio",3
"Sumter, Florida",3
"Chesterfield, South Carolina",3
"Roanoke, Virginia",3
"Woodford, Kentucky",3
"Osceola, Florida",3
"Muscatine, Iowa",3
"Kootenai, Idaho",3
"Kent, Delaware",3
"Reno, Kansas",3
"Vanderburgh, Indiana",3
"Iowa, Iowa",3
"Kent, Rhode Island",3
"Bell, Texas",3
"Lebanon, Pennsylvania",3
"Madison, Nebraska",3
"San Juan, Washington",3
"Crawford, Missouri",3
"Baxter, Arkansas",3
"Wapello, Iowa",3
"Jefferson Davis, Louisiana",3
"Coos, Oregon",3
"Teton, Wyoming",3
"Montgomery, Kansas",3
"Clearfield, Pennsylvania",3
"Marshall, Alabama",3
"Ozaukee, Wisconsin",3
"Delaware, Indiana",3
"Geary, Kansas",3
"Arapahoe, Colorado",3
"Cass, North Dakota",3
"Van Buren, Iowa",3
"Polk, Minnesota",3
"Caldwell, North Carolina",3
"Rutherford, Tennessee",3
"Tioga, New York",3
"Greenwood, South Carolina",3
"Brown, Nebraska",3
"Calumet, Wisconsin",3
"Marshall, Indiana",3
"Roane, West Virginia",3
"Avoyelles, Louisiana",3
"Rabun, Georgia",3
"Monroe, Wisconsin",3
"Natrona, Wyoming",3
"Guthrie, Iowa",3
"Orange, Indiana",3
"Allen, Kansas",3
"Jackson, Iowa",3
"Hood River, Oregon",3
"Schuylkill, Pennsylvania",3
"Houston, Alabama",3
"Richmond, Georgia",3
"Sutter, California",3
"Montezuma, Colorado",3
"Mifflin, Pennsylvania",3
"Huron, Ohio",3
"Geauga, Ohio",3
"Lewis, New York",3
"Hancock, Iowa",3
"Park, Wyoming",3
"Mitchell, Iowa",3
"Georgetown, South Carolina",3
"Chelan, Washington",3
"McLeod, Minnesota",3
"Goochland, Virginia",3
"Green Lake, Wisconsin",3
"Cherokee, Georgia",3
"Boone, Arkansas",3
"Jefferson, Ohio",3
"Randolph, Missouri",3
"Gage, Nebraska",3
"Pueblo, Colorado",3
"Lowndes, Georgia",3
"Houston, Georgia",3
"Randolph, Illinois",3
"Gasconade, Missouri",3
"Davis, Utah",3
"Accomack, Virginia",3
"San Miguel, Colorado",3
"Kossuth, Iowa",3
"McKinley, New Mexico",3
"Calaveras, California",3
"Harford, Maryland",3
"Seminole, Florida",3
"Mason, West Virginia",3
"Glenn, California",3
"Boone, Indiana",3
"Marion, Iowa",3
"Washington, Pennsylvania",3
"O'Brien, Iowa",3
"Lafayette, Mississippi",3
"Clare, Michigan",3
"Clinton, Iowa",3
"Cochise, Arizona",3
"Warren, Iowa",3
"Orange, Vermont",3
"Ionia, Michigan",3
"Santa Cruz, Arizona",3
"Carroll, Arkansas",3
"Tift, Georgia",3
"Rutherford, North Carolina",3
"Lincoln, Wisconsin",3
"Lewis, Washington",3
"St. Clair, Michigan",3
"McDonald, Missouri",3
"Lincoln, Nebraska",3
"Plymouth, Iowa",3
"Newport, Rhode Island",3
"Hawaii County, Hawaii",3
"Davie, North Carolina",3
"McPherson, Kansas",3
"Marquette, Michigan",3
"Tuolumne, California",3
"Hays, Texas",3
"Bay, Michigan",3
"Bennington, Vermont",3
"Dallas, Iowa",3
"Lincoln, Nevada",3
"Yamhill, Oregon",3
"Madison, Illinois",3
"Watauga, North Carolina",3
"Iberia, Louisiana",3
"Coos, New Hampshire",3
"Barbour, West Virginia",3
"Suwannee, Florida",3
"Sullivan, Tennessee",3
"Davidson, North Carolina",3
"Jackson, Mississippi",3
"Pima County, Arizona",3
"Vernon, Wisconsin",3
"Alamance, North Carolina",3
"Yates, New York",3
"Madison, Ohio",3
"Iosco, Michigan",3
"Preston, West Virginia",3
"Posey, Indiana",3
"Sheboygan, Wisconsin",3
"Clermont, Ohio",3
"Big Horn, Wyoming",3
"Wallowa, Oregon",3
"Page, Virginia",3
"Tehama, California",3
"Johnston, North Carolina",3
"Jefferson, Louisiana",3
"Routt, Colorado",3
"Jackson, Wisconsin",3
"Hancock, Indiana",3
"Scotts Bluff, Nebraska",3
"Jasper, Missouri",3
"Charlevoix, Michigan",3
"Hughes, South Dakota",3
"Lincoln, Missouri",3
"Klamath, Oregon",3
"Bristol, Rhode Island",3
"Allen, Ohio",3
"Washington, Ohio",3
"Smith, Texas",3
"Lyon, Nevada",3
"Sullivan, New Hampshire",3
"Josephine, Oregon",3
"Clinton, Michigan",3
"Rock Island, Illinois",3
"Bossier, Louisiana",3
"Eau Claire, Wisconsin",3
"Wright, Minnesota",3
"Spartanburg, South Carolina",3
"Calcasieu, Louisiana",3
"Tazewell, Illinois",3
"Carlton, Minnesota",3
"Lafourche, Louisiana",3
"Cerro Gordo, Iowa",3
"Morgan, Alabama",3
"Iowa, Wisconsin",3
"Fulton, New York",3
"Jasper, Iowa",3
"Fairfield, Ohio",2
"Becker, Minnesota",2
"Livingston, Illinois",2
"Piatt, Illinois",2
"Douglas, Minnesota",2
"Clarke, Alabama",2
"Kewaunee, Wisconsin",2
"Fayette, West Virginia",2
"Champaign, Ohio",2
"Caddo, Louisiana",2
"Mahaska, Iowa",2
"Putnam, Indiana",2
"Monongalia, West Virginia",2
"Walker, Georgia",2
"Wicomico, Maryland",2
"Chippewa, Michigan",2
"Clay, Iowa",2
"Muhlenberg, Kentucky",2
"Newton, Arkansas",2
"Greene, Alabama",2
"Madison, Missouri",2
"Adams, Pennsylvania",2
"Perry, Illinois",2
"Crawford, Michigan",2
"Muscogee, Georgia",2
"Cecil, Maryland",2
"JEFFERSON, Alabama",2
"Warrick, Indiana",2
"Nantucket, Massachusetts",2
"Winneshiek, Iowa",2
"Yadkin, North Carolina",2
"Rio Arriba, New Mexico",2
"Valley, Montana",2
"Greene, Pennsylvania",2
"Grand, Colorado",2
"Wilson, Tennessee",2
"La Plata, Colorado",2
"Pulaski, Georgia",2
"Trumbull, Ohio",2
"Walton, Georgia",2
"Manassas, Virginia",2
"Harlan, Nebraska",2
"Page, Iowa",2
"Pike, Missouri",2
"Carteret, North Carolina",2
"Neshoba, Mississippi",2
"Grady, Oklahoma",2
"Randolph, North Carolina",2
"Louisa, Virginia",2
"Stokes, North Carolina",2
"Tallapoosa, Alabama",2
"Saline, Kansas",2
"Santa Rosa, Florida",2
"Morton, North Dakota",2
"Greene County, Ohio",2
"Cache, Utah",2
"Decatur, Iowa",2
"Henrico, Virginia",2
"Cass County, Minnesota",2
"Oconee, South Carolina",2
"Chaffee, Colorado",2
"Watonwan, Minnesota",2
"Bremer, Iowa",2
"Hamilton, New York",2
"Athens, Ohio",2
"Hall, Nebraska",2
"Marshall, Kansas",2
"Perry, Indiana",2
"Benton, Oregon",2
"Ouachita, Louisiana",2
"Jefferson, Washington",2
"Sangamon, Illinois",2
"Adams, Nebraska",2
"Smyth, Virginia",2
"Solano, California",2
"Blaine, Idaho",2
"Newton, Missouri",2
"Carson City, Nevada",2
"Flagler, Florida",2
"Presque Isle, Michigan",2
"Marion, Illinois",2
"Caroline, Maryland",2
"Brooke, West Virginia",2
"Steele, Minnesota",2
"San Juan, Puerto Rico",2
"Mountrail, North Dakota",2
"Pickens, Alabama",2
"Polk, Oregon",2
"Marion, West Virginia",2
"Mitchell, North Carolina",2
"Lawrence, Tennessee",2
"Clayton, Georgia",2
"Smith, Tennessee",2
"Montgomery, Illinois",2
"Coconino, Arizona",2
"Jones, Iowa",2
"Tulsa County, Oklahoma",2
"Thayer, Nebraska",2
"Montgomery, Tennessee",2
"Carroll, Georgia",2
"Grant, New Mexico",2
"Carroll, Iowa",2
"Kandiyohi, Minnesota",2
"Lyon County, Iowa",2
"Forsyth, Georgia",2
"Isle of Wight, Virginia",2
"St. Martin, Louisiana",2
"Beauregard, Louisiana",2
"Hanover, Virginia",2
"Greene, Illinois",2
"Sevier, Tennessee",2
"Pepin County, Wisconsin",2
"Trempealeau, Wisconsin",2
"Potter, Pennsylvania",2
"Oldham, Kentucky",2
"Escambia County, Florida",2
"Marion, Alabama",2
"Wabash, Indiana",2
"Ramsey, North Dakota",2
"Montgomery, North Carolina",2
"Paulding, Georgia",2
"Clark, Ohio",2
"Botetourt, Virginia",2
"St. Charles, Louisiana",2
"Adams, Wisconsin",2
"Webster, Iowa",2
"Allamakee, Iowa",2
"Oconee, Georgia",2
"Colfax, New Mexico",2
"Teller, Colorado",2
"SANTA BARBARA, California",2
"Auglaize, Ohio",2
"Pottawattamie, Iowa",2
"Terrebonne, Louisiana",2
"Pennington, South Dakota",2
"Door, Wisconsin",2
"Cedar, Missouri",2
"Caroline, Virginia",2
"Pulaski, Virginia",2
"Coffee, Alabama",2
"Jefferson, Tennessee",2
"Marion, Florida",2
"Copiah, Mississippi",2
"Kay, Oklahoma",2
"Marengo, Alabama",2
"Laclede, Missouri",2
"St. Joseph, Michigan",2
"Linn, Missouri",2
"Worth, Iowa",2
"Imperial, California",2
"Venango, Pennsylvania",2
"Noble, Indiana",2
"Newaygo, Michigan",2
"Rapides, Louisiana",2
"Brunswick, North Carolina",2
"Republic, Kansas",2
"Morgan, Ohio",2
"Cheboygan, Michigan",2
"Le Flore, Oklahoma",2
"Hancock County, Ohio",2
"Fulton, Indiana",2
"Burke, North Dakota",2
"Clallam, Washington",2
"Jefferson, Montana",2
"Lincoln, Montana",2
"Carroll, Virginia",2
"White, Arkansas",2
"Crawford, Iowa",2
"Monroe, Missouri",2
"Wayne, West Virginia",2
"Cabell, West Virginia",2
"Hampton, South Carolina",2
"Johnson, Arkansas",2
"Monroe, Pennsylvania",2
"San Sebastian, Puerto Rico",2
"Kosciusko, Indiana",2
"Tioga, Pennsylvania",2
"Perry, Alabama",2
"Tama, Iowa",2
"Christian, Kentucky",2
"Riley, Kansas",2
"Trinity, California",2
"Graves, Kentucky",2
"Bannock, Idaho",2
"Jefferson, Texas",2
"Union, North Carolina",2
"Harris, Georgia",2
"Shelby, Kentucky",2
"Kenton, Kentucky",2
"Buchanan, Iowa",2
"Goshen, Wyoming",2
"Morris County, New Jersey",2
"Harper, Kansas",2
"Canadian, Oklahoma",2
"Union, Pennsylvania",2
"Benewah, Idaho",2
"Woodbury, Iowa",2
"Rush, Indiana",2
"Codington, South Dakota",2
"Lincoln, Minnesota",2
"Wilcox, Alabama",2
"Anson, North Carolina",2
"Taylor, Wisconsin",2
"Calhoun, Alabama",2
"Curry, Oregon",2
"Juneau, Alaska",2
"Delaware, Iowa",2
"Sawyer, Wisconsin",2
"Augusta, Virginia",2
"Jasper, Indiana",2
"Hempstead, Arkansas",2
"Sumner, Tennessee",2
"Garfield, Utah",2
"Upson, Georgia",2
"Wright, Iowa",2
"Wood, West Virginia",2
"Northumberland, Pennsylvania",2
"Marinette, Wisconsin",2
"Hickman, Tennessee",2
"Inyo, California",2
"Moore, North Carolina",2
"Parke County, Indiana",2
"Washakie, Wyoming",2
"Habersham, Georgia",2
"Fayette, Georgia",2
"Cascade, Montana",2
"Bastrop, Texas",2
"Calhoun, Iowa",2
"Galax, Virginia",2
"Weston, Wyoming",2
"Pierce, Wisconsin",2
"Stone, Missouri",2
"Otoe, Nebraska",2
"Meade, South Dakota",2
"Ohio, West Virginia",2
"Adams, Illinois",2
"Mason, Michigan",2
"Calhoun, West Virginia",2
"Arkansas, Arkansas",2
"Covington, Alabama",2
"Clay, Arkansas",2
"Nemaha, Nebraska",2
"Rincon, Puerto Rico",2
"Halifax, Virginia",2
"Butler, Pennsylvania",2
"Pope, Arkansas",2
"Mercer, West Virginia",2
"Washington, Idaho",2
"Dawson, Montana",2
"Cass, Minnesota",2
"Union, Ohio",2
"Sanpete County, Utah",2
"Roanoke City, Virginia",2
"Seward, Kansas",2
"Coffee, Tennessee",2
"Taylor, West Virginia",2
"Grenada, Mississippi",2
"Gallia, Ohio",2
"Greene, Tennessee",2
"Saluda, South Carolina",2
"Neosho, Kansas",2
"Greenwood, Kansas",2
"Summit, Colorado",2
"Stanly, North Carolina",2
"McLean, North Dakota",2
"Wythe, Virginia",2
"Indian River, Florida",2
"Hardin, Tennessee",2
"Wright, Missouri",2
"Barnwell, South Carolina",2
"Pike, Mississippi",2
"San Miguel, New Mexico",2
"Buchanan, Missouri",2
"Oktibbeha, Mississippi",2
"Cumberland, New Jersey",2
"Sheridan, Nebraska",2
"Wood, Ohio",2
"Scotland, Missouri",2
"Okanogan, Washington",2
"Delta, Michigan",2
"McLennan, Texas",2
"Lincoln, Wyoming",2
"Weakley, Tennessee",2
"Gloucester, New Jersey",2
"Cuming, Nebraska",2
"Franklin, Texas",2
"Carroll, Missouri",2
"Lincoln, New Mexico",2
"Nassau, Florida",2
"Carroll, Illinois",2
"Cowley, Kansas",2
"Boise, Idaho",2
"Oneida, Wisconsin",2
"Pine, Minnesota",2
"Swain, North Carolina",2
"Dunn, Wisconsin",2
"Clarendon, South Carolina",2
"Logan, Illinois",2
"Martin, North Carolina",2
"Washington, Illinois",2
"Peoria, Illinois",2
"Garland, Arkansas",2
"Sarpy, Nebraska",2
"Pennington County, South Dakota",2
"Valley, Idaho",2
"Twin Falls, Idaho",2
"Mower, Minnesota",2
"Marshall, Tennessee",2
"Richmond, New York",2
"Washington, Utah",2
"Grant, Oregon",2
"Chippewa, Wisconsin",2
"Coffey, Kansas",2
"Crawford, Indiana",2
"Ford, Illinois",2
"Knox, Illinois",2
"Washington, Kansas",2
"Morgan, Missouri",2
"Winona, Minnesota",2
"Cleveland, North Carolina",2
"Switzerland, Indiana",2
"Pulaski, Kentucky",2
"Kittitas, Washington",2
"Beltrami, Minnesota",2
"Hubbard, Minnesota",2
"Patrick, Virginia",2
"Decatur, Indiana",2
"Barry, Michigan",2
"Mille Lacs, Minnesota",2
"Somerset, Maryland",2
"Klickitat, Washington",2
"Colbert, Alabama",2
"Shannon, Missouri",2
"Randolph, Alabama",2
"Christiansted, Virgin Islands",2
"Lafayette, Wisconsin",2
"Texas, Missouri",2
"Florence, South Carolina",2
"Ellis, Texas",2
"Poinsett, Arkansas",2
"Phillips County, Arkansas",2
"Sebastian, Arkansas",2
"Clay, South Dakota",2
"Holmes County, Ohio",2
"Huntington, Indiana",2
"Kalkaska, Michigan",2
"Dukes County, Massachusetts",2
"Kent County, Michigan",2
"Harnett, North Carolina",2
"Polk, North Carolina",2
"Lake, Montana",2
"Adams, Washington",2
"Fremont, Colorado",2
"Barry, Missouri",2
"Pasquotank, North Carolina",2
"Wayne, Indiana",2
"Bradford, Florida",2
"Jackson, Indiana",2
"Westmoreland, Virginia",2
"Kendall, Texas",2
"Green, Wisconsin",2
"Preble, Ohio",2
"Anderson, Tennessee",2
"Isanti, Minnesota",2
"Alcorn, Mississippi",2
"Washington, Virginia",2
"Fulton, Pennsylvania",2
"Fulton, Illinois",2
"Mineral, West Virginia",2
"Midland, Texas",2
"Ransom, North Dakota",2
"Pottawatomie, Oklahoma",2
"Randolph, West Virginia",2
"Albany, Wyoming",2
"Fillmore, Minnesota",2
"Colleton, South Carolina",2
"Itawamba, Mississippi",2
"Custer, Idaho",2
"Hancock, West Virginia",2
"Putnam, New York",2
"Wilson, North Carolina",2
"McMinn, Tennessee",2
"Yuba, California",2
"Harrison, Indiana",2
"Ashley, Arkansas",2
"Sagadahoc, Maine",2
"Braxton, West Virginia",2
"Sioux, Iowa",2
"Gibson, Indiana",2
"McCurtain, Oklahoma",2
"Dale, Alabama",2
"Lee, Alabama",2
"Whatcom, Washington",2
"ALAMEDA, California",2
"Nowata, Oklahoma",2
"Brown, Indiana",2
"Johnson, Indiana",2
"Lenawee, Michigan",2
"San Juan, New Mexico",2
"Summit, Utah",2
"Putnam, Florida",2
"Mesa, Colorado",2
"Gila, Arizona",2
"Fauquier County, Virginia",2
"Morgan, Indiana",2
"McClain, Oklahoma",2
"Valencia, New Mexico",2
"Henry, Missouri",2
"Harvey, Kansas",2
"Mercer, North Dakota",2
"Alpena, Michigan",2
"Bexar County, Texas",2
"Lake, Oregon",2
"Franklin, Pennsylvania",2
"Jay, Indiana",2
"Ripley, Indiana",2
"Arenac, Michigan",2
"Kearney, Nebraska",2
"Marshall, Minnesota",2
"Franklin, Alabama",2
"Lac qui Parle, Minnesota",2
"Rockcastle, Kentucky",2
"Bolivar, Mississippi",2
"Richland, Wisconsin",2
"Ste. Genevieve, Missouri",2
"Deschutes, Oregon",2
"Unicoi, Tennessee",2
"Miller, Missouri",2
"Pike, Georgia",2
"Sibley, Minnesota",2
"Clark, Indiana",2
"Craven, North Carolina",2
"Kings, California",2
"Fremont, Idaho",2
"Dare, North Carolina",2
"Portage, Wisconsin",2
"Chesapeake, Virginia",2
"Washington, Mississippi",2
"LaGrange, Indiana",2
"Boone, Illinois",2
"Queen Anne's, Maryland",2
"Park, Montana",2
"Stone, Arkansas",2
"Manatee, Florida",2
"Isabella, Michigan",2
"Floyd, Iowa",2
"Rio Grande, Colorado",2
"Lucas, Iowa",2
"Cherokee, North Carolina",2
"Socorro, New Mexico",2
"Rusk, Wisconsin",2
"Tyler, West Virginia",2
"Dawson, Georgia",2
"Columbia, Oregon",2
"Crow Wing, Minnesota",2
"Richland, Illinois",2
"Mercer County, New Jersey",2
"Hardin, Ohio",2
"Calloway, Kentucky",2
"Tuscola, Michigan",2
"Orleans, New York",2
"Marion, Kansas",2
"Gunnison, Colorado",2
"Greene, Indiana",2
"Dallas, Missouri",2
"Liberty, Montana",2
"Richmond, Virginia",2
"Mariposa, California",2
"Clarke, Iowa",1
"Labette, Kansas",1
"Walla Walla, Washington",1
"Osage, Missouri",1
"Grady, Georgia",1
"Hernando, Florida",1
"McLean, Kentucky",1
"Vermilion, Illinois",1
"Norton, Virginia",1
"Sherman, Nebraska",1
"Powell, Kentucky",1
"Columbia, Arkansas",1
"Frederiksted, Virgin Islands",1
"Henry, Tennessee",1
"Rolette, North Dakota",1
"Custer, Oklahoma",1
"Adams, Indiana",1
"Audrain, Missouri",1
"Ashe, North Carolina",1
"Piscataquis, Maine",1
"Hormigueros, Puerto Rico",1
"Sherburne, Minnesota",1
"Limestone, Alabama",1
"Monroe, Virginia",1
"Wyandot, Ohio",1
"Williamsburg, South Carolina",1
"Valley, Nebraska",1
"Saline, Missouri",1
"Aguadilla, Puerto Rico",1
"SAN LUIS OBISPO, California",1
"Richland, Montana",1
"Bosque, Texas",1
"Lewis ,Clark, Montana",1
"Bowie, Texas",1
"Cass, Indiana",1
"Caldwell, Missouri",1
"Wasatch, Utah",1
"Robertson, Tennessee",1
"Cross, Arkansas",1
"Caswell, North Carolina",1
"Webster, Nebraska",1
"Dorchester, Maryland",1
"Angelina, Texas",1
"Crenshaw, Alabama",1
"Choctaw, Oklahoma",1
"St. Thomas, Virgin Islands",1
"Audubon, Iowa",1
"Darke, Ohio",1
"Pierce, North Dakota",1
"Grand, Utah",1
"Ozark, Missouri",1
"Appanoose, Iowa",1
"Roscommon, Michigan",1
"Essex, Virginia",1
"Southampton, Virginia",1
"Carlisle, Kentucky",1
"Prince George, Virginia",1
"Brown, Kansas",1
"Pickaway, Ohio",1
"Crawford, Arkansas",1
"Madison, Kentucky",1
"Taylor, Kentucky",1
"Lajas, Puerto Rico",1
"Shelby, Iowa",1
"Union, South Carolina",1
"St. Clair, Illinois",1
"Frederick, Virginia",1
"Dawes, Nebraska",1
"Christian, Illinois",1
"Storey, Nevada",1
"Putnam, West Virginia",1
"Jim Wells, Texas",1
"Washington, Kentucky",1
"Jersey, Illinois",1
"Lawrence, Alabama",1
"Richland, North Dakota",1
"Elbert, Colorado",1
"Clinton, Ohio",1
"Fayette, Texas",1
"Warren, North Carolina",1
"Cherokee, Oklahoma",1
"St. Mary, Louisiana",1
"Jackson County, Wisconsin",1
"Cleveland, Arkansas",1
"Carver, Minnesota",1
"Dunklin, Missouri",1
"Marion, Kentucky",1
"Ross, Ohio",1
"Arroyo, Puerto Rico",1
"Beaufort, North Carolina",1
"Louisa, Iowa",1
"Sherman, Oregon",1
"Sumter, Alabama",1
"St. Landry, Louisiana",1
"Guernsey County, Ohio",1
"Wayne, Georgia",1
"Evangeline, Louisiana",1
"Douglas, Missouri",1
"Vermilion, Louisiana",1
"Carbon, Montana",1
"Moore County, Texas",1
"Banner, Nebraska",1
"Wells, Indiana",1
"Mills, Iowa",1
"Camden, Georgia",1
"Custer, Nebraska",1
"Sublette, Wyoming",1
"Clinton, Missouri",1
"Snyder, Pennsylvania",1
"Kanawha, West Virginia",1
"Prentiss, Mississippi",1
"Ben Hill, Georgia",1
"Red Willow, Nebraska",1
"Ouachita, Arkansas",1
"Custer, South Dakota",1
"Douglas, Georgia",1
"Anderson, Indiana",1
"Putnam, Tennessee",1
"Alleghany, Virginia",1
"Jefferson, Kansas",1
"Noxubee, Mississippi",1
"Pearl River, Mississippi",1
"Nicholas, West Virginia",1
"Plumas, California",1
"Pitkin, Colorado",1
"Vernon, Missouri",1
"Van Wert, Ohio",1
"Sabana Grande, Puerto Rico",1
"Anderson, Kansas",1
"Abbeville, South Carolina",1
"Scott, Minnesota",1
"Jackson, Kansas",1
"Golden Valley, North Dakota",1
"Clay, Nebraska",1
"Logan, Ohio",1
"Cloud, Kansas",1
"Marshall, South Dakota",1
"Garrard, Kentucky",1
"Walthall, Mississippi",1
"Malheur County, Oregon",1
"Gurabo, Puerto Rico",1
"Morgan, Illinois",1
"Vilas County, Wisconsin",1
"Warren, Pennsylvania",1
"Alamosa, Colorado",1
"Iron, Wisconsin",1
"Braxton County, West Virginia",1
"Appomattox, Virginia",1
"Nacogdoches, Texas",1
"Douglas County, Oregon",1
"Mora, New Mexico",1
"Scott, Indiana",1
"Lee, Arkansas",1
"Wilkinson, Georgia",1
"Huron, Michigan",1
"Choctaw, Mississippi",1
"Morgan, Colorado",1
"Adams, Iowa",1
"St. John the Baptist, Louisiana",1
"Nelson, Virginia",1
"Harrison, Kentucky",1
"DEKALB, Alabama",1
"Coahoma County, Mississippi",1
"Menard, Illinois",1
"Wolfe, Kentucky",1
"Washington, Alabama",1
"Lenoir, North Carolina",1
"Garfield County, Nebraska",1
"Pickens, Georgia",1
"Estill, Kentucky",1
"Wells, North Dakota",1
"Pend Oreille, Washington",1
"Sitka, Alaska",1
"Perry, Kentucky",1
"Coshocton, Ohio",1
"Carbon, Pennsylvania",1
"Houston, Minnesota",1
"Grayson, Virginia",1
"Union, Oregon",1
"BUTTE, California",1
"Sabine Parish, Louisiana",1
"Madison, Florida",1
"Frontier, Nebraska",1
"Franklin, Washington",1
"Talladega County, Alabama",1
"Clark, Kentucky",1
"Burt, Nebraska",1
"Buckingham, Virginia",1
"Brown, Illinois",1
"Hale, Alabama",1
"Bath, Kentucky",1
"Chouteau, Montana",1
"Chaves, New Mexico",1
"Woods, Oklahoma",1
"Gloucester, Virginia",1
"Wetzel, West Virginia",1
"Ritchie, West Virginia",1
"Salinas, Puerto Rico",1
"Pike, Pennsylvania",1
"Sumter, Georgia",1
"Madison, Iowa",1
"Lawrence County, Arkansas",1
"Jackson, West Virginia",1
"Fayette, Alabama",1
"Hyde, South Dakota",1
"Garfield, Oklahoma",1
"Itasca, Minnesota",1
"Box Elder, Utah",1
"Buena Vista, Iowa",1
"Lumpkin, Georgia",1
"Ellis, Kansas",1
"McDowell, North Carolina",1
"Nevada, Arkansas",1
"Comal, Texas",1
"WASHINGTON, Rhode Island",1
"Kaufman, Texas",1
"Putnam, Georgia",1
"Mackinac, Michigan",1
"Lee, Mississippi",1
"DeKalb, Illinois",1
"Somerset County, Maryland",1
"Livingston, Louisiana",1
"Roosevelt, Montana",1
"Clinton, Kentucky",1
"Bedford, Pennsylvania",1
"Dickenson, Virginia",1
"Crook, Oregon",1
"Allendale, South Carolina",1
"Wichita, Kansas",1
"Breathitt, Kentucky",1
"Adair, Missouri",1
"Aibonito, Puerto Rico",1
"Archuleta, Colorado",1
"Hancock, Ohio",1
"Huntingdon, Pennsylvania",1
"Blount, Tennessee",1
"Seneca, Ohio",1
"Van Buren, Arkansas",1
"Floyd, Georgia",1
"Gregg, Texas",1
"Wahkiakum, Washington",1
"Cherokee, Alabama",1
"Pike, Indiana",1
"Osceola, Iowa",1
"Crisp, Georgia",1
"Taylor, Florida",1
"Warren, Illinois",1
"Prince George's County, Maryland",1
"San Lorenzo, Puerto Rico",1
"Wadena, Minnesota",1
"McCracken, Kentucky",1
"Johnson, Illinois",1
"Brazoria, Texas",1
"Boone, Kentucky",1
"Silver Bow, Montana",1
"Webb, Texas",1
"McDonough, Illinois",1
"Franklin, Georgia",1
"Laurens, South Carolina",1
"Clearwater, Idaho",1
"Skamania, Washington",1
"Union, Georgia",1
"Jackson County, North Carolina",1
"Columbiana, Ohio",1
"Nez Perce, Idaho",1
"Worth, Missouri",1
"Lapeer County, Michigan",1
"Marion, Missouri",1
"McIntosh County, North Dakota",1
"Grant County, Oklahoma",1
"Curry, New Mexico",1
"Emmons, North Dakota",1
"Gadsden, Florida",1
"Madison Parish, Louisiana",1
"Dewitt, Texas",1
"Keokuk, Iowa",1
"Bourbon, Kentucky",1
"Alleghany, North Carolina",1
"Marlboro, South Carolina",1
"Campbell, Virginia",1
"Grayson, Kentucky",1
"Cidra, Puerto Rico",1
"Ford, Kansas",1
"Marion, South Carolina",1
"Ogemaw County, Michigan",1
"Bland, Virginia",1
"Anasco, Puerto Rico",1
"Rio Blanco, Colorado",1
"Cocke, Tennessee",1
"Monroe, Georgia",1
"Latimer, Oklahoma",1
"Warren, Mississippi",1
"Rockwall, Texas",1
"Harnett County, North Carolina",1
"Meade, Kentucky",1
"Lafayette, Florida",1
"Polk, Georgia",1
"Poweshiek, Iowa",1
"Phelps, Nebraska",1
"Lincoln, Mississippi",1
"Dekalb, Illinois",1
"Morgan, West Virginia",1
"Mercer, Illinois",1
"Indiana, Pennsylvania",1
"Clay County, Minnesota",1
"Lassen, California",1
"Owsley, Kentucky",1
"Kanabec, Minnesota",1
"Nash, North Carolina",1
"Teton, Idaho",1
"Chickasaw, Iowa",1
"Cumberland, Tennessee",1
"Guernsey, Ohio",1
"Mercer, Missouri",1
"Kandiyohi County, Minnesota",1
"Lewis, West Virginia",1
"Ripley, Missouri",1
"Salem, New Jersey",1
"Mohave, Arizona",1
"Big Horn, Montana",1
"Letcher, Kentucky",1
"Beaverhead, Montana",1
"Rush, Kansas",1
"Logan, West Virginia",1
"Wyoming, West Virginia",1
"Smith, Kansas",1
"Saline County, Nebraska",1
"Union, New Mexico",1
"White, Georgia",1
"Mathews, Virginia",1
"Forest, Pennsylvania",1
"Franklin, Illinois",1
"Todd, Minnesota",1
"Brookings, South Dakota",1
"Washington, Oklahoma",1
"Henderson County, Tennessee",1
"SONOMA, California",1
"Wilkes, Georgia",1
"Navarro, Texas",1
"Hamilton, Iowa",1
"Okmulgee, Oklahoma",1
"Dade, Georgia",1
"Ontonagon, Michigan",1
"Cass, Michigan",1
"Goodhue, Minnesota",1
"Santa Isabel, Puerto Rico",1
"Hennepin County, Minnesota",1
"Walker, Alabama",1
"Dakota, Nebraska",1
"Washington, Texas",1
"Lyon, Minnesota",1
"Little River, Arkansas",1
"Clay, West Virginia",1
"Griggs, North Dakota",1
"Vance, North Carolina",1
"Emporia, Virginia",1
"Clay, Alabama",1
"Boyd, Kentucky",1
"Monroe, Kentucky",1
"Lancaster, Virginia",1
"Hawkins, Tennessee",1
"Lynchburg, Virginia",1
"Oceana, Michigan",1
"Tom Green, Texas",1
"Harney, Oregon",1
"Danville, Virginia",1
"Bureau, Illinois",1
"Roane, Tennessee",1
"Henry, Indiana",1
"Putnam, Ohio",1
"Jackson, Georgia",1
"Sevier, Utah",1
"Knox, Nebraska",1
"Graham, Arizona",1
"Russell, Alabama",1
"Clay, Texas",1
"Villalba, Puerto Rico",1
"Tuscarawas, Ohio",1
"Schoolcraft, Michigan",1
"Ohio, Kentucky",1
"Lamar, Mississippi",1
"Dent, Missouri",1
"Peach, Georgia",1
"Talladega, Alabama",1
"Dubois, Indiana",1
"Pamlico, North Carolina",1
"Jackson, Alabama",1
"Saunders, Nebraska",1
"Kiowa, Oklahoma",1
"Lincoln, Louisiana",1
"Howard, Missouri",1
"Potter, Texas",1
"Nottoway, Virginia",1
"Bent, Colorado",1
"Hillsdale, Michigan",1
"Stillwater, Montana",1
"Swift, Minnesota",1
"Pontotoc, Oklahoma",1
"Woodward, Oklahoma",1
"Tangipahoa, Louisiana",1
"Jefferson, Indiana",1
"Tooele, Utah",1
"Fluvanna, Virginia",1
"Graham, North Carolina",1
"Apache, Arizona",1
"Tippah, Mississippi",1
"Franklin, North Carolina",1
"Yellow Medicine, Minnesota",1
"ORANGE, California",1
"Tyrrell County, North Carolina",1
"Moffat, Colorado",1
"Chambers, Alabama",1
"Modoc, California",1
"Jerauld County, South Dakota",1
"Pope, Minnesota",1
"Hickory, Missouri",1
"Columbus, North Carolina",1
"Judith Basin, Montana",1
"Edgar, Illinois",1
"Garrett, Maryland",1
"Dickinson, Kansas",1
"Delta, Colorado",1
"Schuyler County, New York",1
"Franklin, Virginia",1
"Iron, Utah",1
"Franklin, Tennessee",1
"Platte, Nebraska",1
"Guayama, Puerto Rico",1
"Tate, Mississippi",1
"Schuyler, Missouri",1
"Comanche, Oklahoma",1
"Macon, Missouri",1
"Montgomery, Kentucky",1
"INYO, California",1
"Bath, Virginia",1
"St. Anislaus, California",1
"Clinton, Illinois",1
"Craig, Oklahoma",1
"Humboldt, Nevada",1
"Crawford, Kansas",1
"Macon, Illinois",1
"Halifax, North Carolina",1
"St. Bernard, Louisiana",1
"Vega Alta, Puerto Rico",1
"St. Louis city, Missouri",1
"Idaho, Idaho",1
"Dearborn, Indiana",1
"Cleburne, Arkansas",1
"Lowndes, Mississippi",1
"MOBILE, Alabama",1
"Kershaw, South Carolina",1
"Franklin, Arkansas",1
"Buffalo, Wisconsin",1
"Mississippi, Arkansas",1
"Lawrence, Indiana",1
"Miller, Arkansas",1
"Scott, Kentucky",1
"Gilmer, West Virginia",1
"Keith, Nebraska",1
"Rock, Nebraska",1
"Colfax, Nebraska",1
"Darlington, South Carolina",1
"Washington, Nebraska",1
"Mississippi, Missouri",1
"Douglas, Nevada",1
"Broomfield, Colorado",1
"Cooke, Texas",1
"Davis, Iowa",1
"Carbon, Utah",1
"Roseau, Minnesota",1
"Quitman, Mississippi",1
"Mecosta, Michigan",1
"Scott, Tennessee",1
"Iron, Michigan",1
"Rutherford County, Tennessee",1
"Atchison, Kansas",1
"Howard, Indiana",1
"Mahnomen, Minnesota",1
"Dodge, Georgia",1
"Highland, Virginia",1
"Tishomingo, Mississippi",1
"Stoddard, Missouri",1
"Wayne, North Carolina",1
"Montague, Texas",1
"Bartow, Georgia",1
"Williams, Ohio",1
"Mason, Washington",1
"Taos, New Mexico",1
"Mississippi County, Arkansas",1
"Polk, Nebraska",1
"Tipton, Indiana",1
"Toole, Montana",1
"Hopkins, Texas",1
"Jackson, Arkansas",1
"Owyhee, Idaho",1
"Converse, Wyoming",1
"Union, Illinois",1
"Cooper, Missouri",1
"Coahoma, Mississippi",1
"Iron, Missouri",1
"Harrison, Iowa",1
"St. Clair, Alabama",1
"Murray, Minnesota",1
"Seward, Nebraska",1
"Sheridan, Kansas",1
"Craighead, Arkansas",1
"Windham County, Connecticut",1
"Morrill, Nebraska",1
"midland, Michigan",1
"Sierra, New Mexico",1
"Pope, Illinois",1
"Greene, Arkansas",1
"Indian River County, Florida",1
"Wayne, Illinois",1
"Todd, Kentucky",1
"Morgan, Tennessee",1
"Mayes, Oklahoma",1
"Greenup, Kentucky",1
"Bottineau, North Dakota",1
"Webster, West Virginia",1
"Jayuya, Puerto Rico",1
"Laurens County, Georgia",1
"Box Butte, Nebraska",1
"Cleburne, Alabama",1
"Chester, South Carolina",1
"Dorchester, South Carolina",1
"Saline, Nebraska",1
"Anderson, Kentucky",1
"Randolph, Arkansas",1
"Jasper, Texas",1
"Noble, Oklahoma",1
"Clinton, Indiana",1
"Campbell, Wyoming",1
"Polk, Texas",1
"Manistee, Michigan",1
"Erie, Ohio",1
"Marion County, Florida",1
"Uintah, Utah",1
"Stone County, Mississippi",1
"Carroll, Mississippi",1
"Charles Mix, South Dakota",1
"Lamar, Texas",1
"Spalding, Georgia",1
"Winn, Louisiana",1
"Fremont, Iowa",1
"Monroe, Florida",1
"Lincoln, Maine",1
"Jenkins, Georgia",1
"Humboldt, Iowa",1
"York, Nebraska",1
"Dunn, North Dakota",1
"Nicollet, Minnesota",1
"Brunswick, Virginia",1
"Grayson, Texas",1
"Claiborne, Tennessee",1
"Washburn, Wisconsin",1
"Clay, Georgia",1
"De Witt, Illinois",1
"Blue Earth, Minnesota",1
"Calhoun, Mississippi",1
"Union, Tennessee",1
"Columbia, Florida",1
"Spencer, Kentucky",1
"Oliver, North Dakota",1
"Pendleton, West Virginia",1
"Powhatan, Virginia",1
"MONROE, Alabama",1
"Hart, Georgia",1
"Towns, Georgia",1
"Warren, Virginia",1
"Iroquois, Illinois",1
"Morrison, Minnesota",1
"Williamsburg, Virginia",1
"Marion, Mississippi",1
"Roberts, South Dakota",1
"Petersburg, Virginia",1
"Lincoln, Kentucky",1
"Gulf, Florida",1
"Martin, Florida",1
"Wilkes, North Carolina",1
"Ouray, Colorado",1
"Marshall, West Virginia",1
"Umatilla County, Oregon",1
"Sheridan, North Dakota",1
"Wyoming, Pennsylvania",1
"Dickson, Tennessee",1
"Pleasants County, West Virginia",1
"White, Indiana",1
"Ponce, Puerto Rico",1
"Barber, Kansas",1
"Orange County, North Carolina",1
"Clay, Illinois",1
"Nodaway, Missouri",1
"LEE, Alabama",1
"Perry, Tennessee",1
"Shawano, Wisconsin",1
"Prince Edward, Virginia",1
"Henry, Virginia",1
"Vilas, Wisconsin",1
"De Soto, Louisiana",1
"Edmonson, Kentucky",1
"Chowan, North Carolina",1
"Surry, Virginia",1
"Stafford, Kansas",1
"Schuyler, Illinois",1
"Union, Florida",1
"Levy, Florida",1
"Wood, Texas",1
"Miami, Kansas",1
"Jefferson, Pennsylvania",1
"FRESNO, California",1
"Custer, Montana",1
"Autauga, Alabama",1
"Richmond, North Carolina",1
"Edgecombe, North Carolina",1
"Clay, Minnesota",1
"Montgomery County, Pennsylvania",1
"Lee, Illinois",1
"Radford, Virginia",1
"Eddy, New Mexico",1
"Cabo Rojo, Puerto Rico",1
"Hamilton, Kansas",1
"Luce, Michigan",1
"Osborne, Kansas",1
"Alexander, North Carolina",1
"Giles, Tennessee",1
"Upshur, West Virginia",1
"Cayey, Puerto Rico",1
"Cherokee, South Carolina",1
"Shelby, Illinois",1
"Penuelas, Puerto Rico",1
"Conecuh, Alabama",1
"Pendleton, Kentucky",1
"Washington, Iowa",1
"Montmorency, Michigan",1
"Lauderdale, Mississippi",1
"HUMBOLDT, California",1
"Cullman, Alabama",1
"Marion, Arkansas",1
"Summers, West Virginia",1
"Panola, Mississippi",1
"Dodge, Minnesota",1
"Union, Iowa",1
"Warren, Tennessee",1
"Thomas, Georgia",1
"Johnson, Wyoming",1
"Sanilac, Michigan",1
"Hampton, Virginia",1
"Moca, Puerto Rico",1
"Muskogee, Oklahoma",1
"Gilliam, Oregon",1
"Lewis, Kentucky",1
"Waupaca, Wisconsin",1
"Meeker, Minnesota",1
"Hart, Kentucky",1
"Gem, Idaho",1
"Berkeley, West Virginia",1
"McKenzie, North Dakota",1
"Amherst, Virginia",1
"Lawrence, Kentucky",1
"Maricao, Puerto Rico",1
"Saline, Arkansas",1
"Vigo, Indiana",1
"Montgomery, Missouri",1
"Mercer, Kentucky",1
"Carroll, Ohio",1
"Knox, Indiana",1
"Pettis, Missouri",1
"Grundy, Missouri",1
"Russell, Kentucky",1
"Clarion, Pennsylvania",1
"Crawford, Ohio",1
"Pike, Alabama",1
"Treasure, Montana",1
"Mecklenburg, Virginia",1
"Las Marias, Puerto Rico",1
"Fall River County, South Dakota",1
"Somerset, Pennsylvania",1
"Falls Church, Virginia",1
"Alger, Michigan",1
"Harrison, Missouri",1
"Haskell, Oklahoma",1
"Barrow, Georgia",1
"Greeley, Kansas",1
"Winston, Mississippi",1
"Carter, Kentucky",1
"Clay, Mississippi",1
"Caribou, Idaho",1
"Worth, Georgia",1
"Divide, North Dakota",1
"Grundy, Tennessee",1
"Coamo, Puerto Rico",1
"Jackson, Kentucky",1
"Osage County, Kansas",1
"Mingo, West Virginia",1
"Cheatham, Tennessee",1
"Elliott, Kentucky",1
"Hancock, Illinois",1
"Newberry, South Carolina",1
"Gooding, Idaho",1
"Watauga County, North Carolina",1
"Butte, South Dakota",1
"Sunflower, Mississippi",1
"Haralson, Georgia",1
"Pleasants, West Virginia",1
"Harlan, Kentucky",1
"LaMoure, North Dakota",1
"Walsh, North Dakota",1
"Maury, Tennessee",1
"Ray, Missouri",1
"Monroe, West Virginia",1
"Hamblen, Tennessee",1
"Baldwin, Georgia",1
"Lemhi, Idaho",1
"Marshall, Mississippi",1
"Dougherty, Georgia",1
"Grundy, Iowa",1
"Bonneville, Idaho",1
"San Benito, California",1
"Macon, Tennessee",1
"Franklin, Kentucky",1
"Pike, Kentucky",1
"Union, Kentucky",1
"Teton, Montana",1
"Ida, Iowa",1
"Colonial Heights, Virginia",1
"Pennington, Minnesota",1
"Lee, Virginia",1
"Pinal, Arizona",1
"Shelby, Ohio",1
"Aguas Buenas, Puerto Rico",1
"Union, Mississippi",1
"Moore County, North Carolina",1
"Fort Bend, Texas",1
"Taylor, Texas",1
"Brown, South Dakota",1
"Rhea, Tennessee",1
"Livingston, Missouri",1
"Fort Bend County, Texas",1
"Obion, Tennessee",1
"Johnson, Kentucky",1
"Oglethorpe, Georgia",1
"Bradley, Tennessee",1
"Sebastian County, Arkansas",1
"Decatur, Georgia",1
"Monroe, Alabama",1
"Mayaguez, Puerto Rico",1
"Fleming, Kentucky",1
"Wilbarger, Texas",1
"Minidoka, Idaho",1
"TUOLUMNE, California",1
"Washington, Florida",1
"Kent, Maryland",1
"Jefferson County, Colorado",1
"King George, Virginia",1
"Bollinger, Missouri",1
"Webster, Missouri",1
"Shannon, South Dakota",1
"Fillmore, Nebraska",1
"Vernon, Louisiana",1
"Choctaw, Alabama",1
"Macon, North Carolina",1
"Niobrara, Wyoming",1
"Russell, Virginia",1
"Macon, Alabama",1
"Los Alamos, New Mexico",1
"Pierce, Nebraska",1
"Henry, Alabama",1
"Wayne, Utah",1
"Grand Forks, North Dakota",1
"Beckham, Oklahoma",1
"Lauderdale, Alabama",1
"Winnebago County, Wisconsin",1
"Nelson, Kentucky",1
"Boundary, Idaho",1
"Chippewa, Minnesota",1
"Ware, Georgia",1
"Gibson, Tennessee",1
"Brown, Texas",1
"Fulton, Ohio",1
"Grant, West Virginia",1
"Fergus, Montana",1
"Jefferson, Nebraska",1
"Conway, Arkansas",1
"Jennings, Indiana",1
"Ashland, Wisconsin",1
"Franklin, Iowa",1
"Thomas, Kansas",1
"McCone, Montana",1
"Orange, Virginia",1
"Roosevelt, New Mexico",1
"Baker, Oregon",1
"Jackson, Oklahoma",1
"Henry, Kentucky",1
"Floyd, Virginia",1
"Butler, Alabama",1
"White Pine, Nevada",1
"Giles, Virginia",1
"Culpeper, Virginia",1
"Lake, Minnesota",1
"Parker, Texas",1
"Ottawa, Oklahoma",1
"Portsmouth, Virginia",1
"Sharp, Arkansas",1
"De Baca, New Mexico",1
"Columbia, Pennsylvania",1
"Emmet, Iowa",1
"St. Francois, Missouri",1
"Hampshire, West Virginia",1
"Daviess, Kentucky",1
"Bourbon, Kansas",1
"Woodford, Illinois",1
"Wagoner, Oklahoma",1
"Dickinson, Michigan",1
"Berrien, Georgia",1
"Cheyenne, Nebraska",1
"Cass, Nebraska",1
"Baraga, Michigan",1
"Payette, Idaho",1
"Franklin, Kansas",1
"Clark, Arkansas",1
"Cumberland, North Carolina",1
"Wharton, Texas",1
"Jones, Mississippi",1
"Blount, Alabama",1
"Lincoln, Washington",1
"Adair County, Kentucky",1
"Bulloch, Georgia",1
"Hot Springs, Wyoming",1
"Owen, Kentucky",1
"SHELBY, Alabama",1
"Placer, Indiana",1
"Sherman, Kansas",1
"Lowndes, Alabama",1
"Crockett, Tennessee",1
"White, Tennessee",1
"Perry, Arkansas",1
"Van Wert County, Ohio",1
"Madison, Idaho",1
"Cherokee, Texas",1
"Marion, Ohio",1
"Gregory, South Dakota",1
"EL Paso, Texas",1
"Elmore, Idaho",1
"Sandusky, Ohio",1
"Montgomery, Iowa",1
"Trigg, Kentucky",1
"Dyer, Tennessee",1
"Benson, North Dakota",1
"Grays Harbor, Washington",1
"Osage, Kansas",1
"Sioux, North Dakota",1
"St. Francis, Arkansas",1
"Adair, Iowa",1
"Northumberland, Virginia",1
"Wrangell-Petersburg, Alaska",1
"Lincoln, Idaho",1
"Yalobusha, Mississippi",1
"Jefferson, Oregon",1
"Hill, Montana",1
"Adams, North Dakota",1
"Cleveland, Oklahoma",1
"Simpson, Kentucky",1
"Walker, Texas",1
"Monroe, Iowa",1
"Gordon, Georgia",1
"Haines, Alaska",1
"Montgomery, Indiana",1
"Comerio, Puerto Rico",1
"Butler County, Kansas",1
"Las Animas, Colorado",1
"Barton, Kansas",1
"Grant, Arkansas",1
"Greene, Virginia",1
"DeKalb, Tennessee",1
"Logan, Kentucky",1
"Victoria, Texas",1
"Aransas, Texas",1
"Cavalier, North Dakota",1
"Clay, North Carolina",1
"Kane, Utah",1
"Columbia, Georgia",1
"Lagrange, Indiana",1
"Lancaster, South Carolina",1
"Lincoln, West Virginia",1
"Pittsylvania, Virginia",1
"Polk, Arkansas",1
"Bibb, Alabama",1
"Dodge, Nebraska",1
"Washington, North Carolina",1
"Floyd, Indiana",1
"La Salle, Louisiana",1
"Tipton, Tennessee",1
"Person, North Carolina",1
"Coffey County, Kansas",1
"Lewis, Tennessee",1
"Jasper, South Carolina",1
"Brule, South Dakota",1
"Winston, Alabama",1
"Lampasas, Texas",1
"Bladen, North Carolina",1
"Raleigh, West Virginia",1
"Shelby, Indiana",1
"Ballard, Kentucky",1
"Wexford, Michigan",1
"Malheur, Oregon",1
"Scott, Arkansas",1
"Greene, North Carolina",1
"Del Norte, California",1
"Bullock, Alabama",1
"Hamlin, South Dakota",1
"Henderson, Kentucky",1
"Robertson, Kentucky",1
"Barton, Missouri",1
"Patillas, Puerto Rico",1
"Titus, Texas",1
"Dallas, Alabama",1
"King William, Virginia",1
"Scott, Missouri",1
"Washington, Indiana",1
"Steuben, Indiana",1
"SHASTA, California",1
"Grundy, Illinois",1
"Lyon, Kansas",1
"Polk, Missouri",1
"Natchitoches, Louisiana",1
"Attala, Mississippi",1
"Weber, Utah",1
"Freeborn, Minnesota",1
"Grant, North Dakota",1
"Madison, Tennessee",1
"Webster, Mississippi",1
"Floyd, Kentucky",1
"Guanica, Puerto Rico",1
"Powell, Montana",1
"Ogemaw, Michigan",1
"Boyle, Kentucky",1
"Highlands, Florida",1
"Howard, Arkansas",1
"Robeson, North Carolina",1
"Sheridan, Wyoming",1
"Avery County, North Carolina",1
"Rogers, Oklahoma",1
"Bandera, Texas",1
"Bradford, Pennsylvania",1
"Wabasha, Minnesota",1
"Towner, North Dakota",1
"Gladwin, Michigan",1
"Adair, Kentucky",1
"Custer, Colorado",1
"BUTLER, Alabama",1
"WILCOX, Alabama",1
"Clearwater, Minnesota",1
"Decatur, Kansas",1
"Morrow, Ohio",1
"Rowan, Kentucky",1
"Mellette, South Dakota",1
"Lawrence, Illinois",1
"Union, Arkansas",1
"Mineral, Colorado",1
"Aiken, South Carolina",1
"Yancey, North Carolina",1
"Edwards, Illinois",1
"Monroe, Mississippi",1
"Gilmer, Georgia",1
"Ohio, Indiana",1
"Wayne, Kentucky",1
"Fayette, Ohio",1
"Hot Spring, Arkansas",1
"Union, Louisiana",1
"ELMORE, Alabama",1
"San German, Puerto Rico",1
"Pender, North Carolina",1
"Jefferson, Arkansas",1
"Deer Lodge, Montana",1
"Torrance, New Mexico",1
"Austin, Texas",1
"Owen, Indiana",1
"Henry, Iowa",1
"Norfolk, Virginia",1
"Dickinson, Iowa",1
"Laurel, Kentucky",1
"Finney, Kansas",1
"King and Queen, Virginia",1
"Metcalfe, Kentucky",1
"Shoshone, Idaho",1
"Midland, Michigan",1
"Isabela, Puerto Rico",1
"Norton, Kansas",1
"James City, Virginia",1
"Lamb, Texas",1
"Dakota County, Minnesota",1
"Jackson, Florida",1
"Putnam, Missouri",1
"Greene, Iowa",1
"Barranquitas, Puerto Rico",1
"Wayne, Pennsylvania",1
"Madison, Arkansas",1
"Elko, Nevada",1
"Crawford, Illinois",1
"Jessamine, Kentucky",1
"Butler, Nebraska",1
"Jefferson, Iowa",1
"Monroe, Tennessee",1
"Carroll, Kentucky",1
"Middlesex County, New Jersey",1
"Middlesex, Virginia",1
"Starke, Indiana",1
"Oregon, Missouri",1
"Transylvania, North Carolina",1
"Calhoun, South Carolina",1
"Buena Vista, Virginia",1
"McIntosh, Oklahoma",1
"Woodbury County, Iowa",1
"Butte County, California",1
"Duchesne, Utah",1
"Whatcom County, Washington",1
"Wayne, Nebraska",1
"Jefferson, Florida",1
"Aguada, Puerto Rico",1
"Caguas, Puerto Rico",1
"Benton, Missouri",1
"Colusa, California",1
"Carter, Oklahoma",1
"Clay, Florida",1
"Clarke, Virginia",1
"Amelia, Virginia",1
"York, Virginia",1
"Charlottesville, Virginia",1
"Mono, California",1
"Lake of the Woods, Minnesota",1
"Hocking, Ohio",1
"Montgomery, Arkansas",1
"Cook, Minnesota",1
"Langlade, Wisconsin",1
"Otsego, Michigan",1
"Luquillo, Puerto Rico",1
"HENRY, Alabama",1
"Eureka, Nevada",1
"Montrose, Colorado",1
"Allen, Louisiana",1
"Talbot, Maryland",1
"Franklin, Indiana",1
"Suffolk, Virginia",1
"Lunenburg, Virginia",1
"Luna, New Mexico",1
"Cedar, Nebraska",1
"Lamar, Georgia",1
"Fall River, South Dakota",1
"Chicot, Arkansas",1
"Breckinridge, Kentucky",1
"Leavenworth, Kansas",1
"Izard, Arkansas",1
"Barnes, North Dakota",1
"Grant, Washington",1
"Deaf Smith, Texas",1
"Fayette, Indiana",1
"Cherry, Nebraska",1
"Madison, Virginia",1
"Northampton, Virginia",1
"Sweet Grass, Montana",1
"Stevens, Minnesota",1
"Yankton, South Dakota",1
"Bates, Missouri",1
"Kendall, Illinois",1
"Beadle, South Dakota",1
"Randolph, Indiana",1
"Jackson County, Michigan",1
"Adjuntas, Puerto Rico",1
"Lamar, Alabama",1
"Gillespie, Texas",1
"Montgomery, Texas",1
"Brazos, Texas",1
"West Feliciana, Louisiana",1
"Lawrence, Arkansas",1
"Scott, Virginia",1
"Shelby, Missouri",1
"Dekalb, Alabama",1
"Whitfield, Georgia",1
"Palo Alto, Iowa",1
"Cibola, New Mexico",1
"Boone, Iowa",1
